id,email,firstName,lastName
468060,amynguyen@customdomain.com,Ricky,Cameron
777489,osmith@company2.net,Andrew,Jackson
871450,usawyer@company2.net,David,Christensen
314849,dominguezdavid@company3.org,Dennis,Quinn
172968,lindseywalker@company2.net,Jason,Anderson
914180,crystalhodge@company2.net,Dawn,Wyatt
962474,brittany63@customdomain.com,Kevin,Benson
391077,castanedastephanie@company2.net,Kurt,Mahoney
338430,campbelldominique@company1.com,Sarah,Brown
311094,isabelconrad@customdomain.com,Kevin,Miller
111098,nicole31@company2.net,Christine,Hansen
366831,bishopandrew@company2.net,Rebecca,Owen
498820,fdavis@customdomain.com,Michael,Baker
969031,sknox@company1.com,Rebecca,Anderson
980637,george22@customdomain.com,Kellie,Willis
345856,michaelluna@customdomain.com,Amber,Morales
923938,aguilarjames@company1.com,Caleb,Dougherty
620934,thomasthomas@company3.org,Mallory,Rojas
156768,hartmanmark@company2.net,Gabriela,Nguyen
887730,hroberts@company1.com,Jeffrey,Mckee
858026,ykelly@customdomain.com,Michelle,Smith
332668,calderonhaley@company3.org,John,Marquez
531422,gregory91@company2.net,Justin,Woods
449321,craig49@company1.com,Andrew,Smith
178008,oliviawallace@company1.com,David,Green
482141,michael75@company2.net,Thomas,Eaton
101104,nguyencaitlyn@company3.org,Rebecca,Edwards
568018,angelica15@company1.com,Marvin,Robinson
526641,brandy60@company1.com,Kristin,Marquez
576465,elliottkaitlin@company1.com,Sharon,White
432640,deborahmay@company1.com,Heather,Martin
130841,davisamanda@company3.org,Stacey,Wallace
946847,barnestammy@customdomain.com,Thomas,Taylor
302706,sethjohnson@company2.net,Nicholas,Alvarez
294365,kimberly84@company2.net,Alexander,Woods
706857,ramosbrian@company1.com,Anita,Cruz
965935,qadams@customdomain.com,Jacob,Randall
660914,thomas70@company3.org,Rachel,Davis
638002,mnunez@company3.org,Tina,Johnson
901353,jacksonsavannah@company3.org,Katrina,Sanchez
975014,kimberlycline@company2.net,Michael,Perez
866755,rollinskimberly@company3.org,Carolyn,Schmidt
672977,xwatson@company1.com,Eugene,Freeman
780807,theresa65@company3.org,Darrell,Crawford
800633,jasonflores@customdomain.com,Anthony,Miranda
487914,anthonyrodriguez@customdomain.com,Lonnie,Mendoza
389293,valenzuelagregory@customdomain.com,Brad,Stewart
766268,tzuniga@customdomain.com,Denise,Pierce
408330,annettegill@customdomain.com,Troy,Jones
833227,sandrajohnson@customdomain.com,William,Arnold
771050,angelamason@company1.com,Alicia,White
942429,darmstrong@company1.com,Jose,Soto
554845,ricebrittney@company3.org,Robert,Phillips
600612,fbailey@company2.net,Helen,Rios
116200,navarrovanessa@customdomain.com,Maria,Smith
555317,conniesavage@customdomain.com,David,Hawkins
530485,lrojas@company1.com,Alex,Haley
869298,sabrina27@company3.org,James,Burke
963545,elizabeth76@company1.com,Judy,Miller
405147,esantiago@company3.org,Paul,Chen
820505,lanceclark@company3.org,Daniel,Barnes
629203,vchavez@company3.org,William,Paul
291306,mathew01@customdomain.com,Juan,Thompson
441470,grayrobert@customdomain.com,Terri,Evans
426301,michaelhammond@company2.net,Holly,Martinez
546542,nramsey@company3.org,Kelsey,Herrera
311770,phillipjenkins@company2.net,Erin,Carr
654192,rrodriguez@company3.org,Lori,Davis
251080,megandominguez@customdomain.com,Melinda,Davies
849177,lauramartin@customdomain.com,Ronald,Mcclure
146207,romanelaine@company3.org,Dawn,Burgess
468758,williamcurtis@company1.com,Nicole,Frazier
628360,paul47@company2.net,Christopher,Sanford
878975,emorrison@customdomain.com,Kristen,Davis
185848,kathleenjones@company1.com,Samantha,Harper
785234,clara@company2.net,Steven,Ross
896301,ijames@company2.net,Austin,Baldwin
764719,william51@customdomain.com,Craig,Rosales
330615,jacob10@company2.net,Melissa,Moreno
849315,rfowler@customdomain.com,Sarah,Herrera
485926,varmstrong@company1.com,Ryan,Stout
718968,josephmurray@company1.com,Anthony,Chan
452510,padillamark@customdomain.com,Jack,Saunders
261044,derrick40@company3.org,William,Martin
768290,miranda53@customdomain.com,Lori,Brady
110171,wsantiago@company1.com,Jonathan,Anderson
133872,aimee30@customdomain.com,Kristi,Wallace
172281,rweeks@company1.com,Jason,Salazar
896372,richard54@customdomain.com,Paul,Berg
170909,kristindixon@customdomain.com,Vanessa,Mccarthy
443433,crhodes@customdomain.com,Richard,Farrell
149545,qmendoza@company2.net,Frank,Mueller
542842,kaitlynwright@company3.org,Kimberly,Munoz
407430,kathleennguyen@customdomain.com,Robert,Parks
635197,adkinslisa@company2.net,Michael,Nolan
922198,wisejohn@company2.net,Jonathan,Mosley
120353,beckerdominique@company2.net,Natalie,Terrell
974878,charlesjimenez@customdomain.com,Ashley,Erickson
321088,jonathanwilliams@company3.org,Lisa,Cox
970131,elozano@customdomain.com,Raymond,Marshall
